CREATE DATABASE QLHS_THPT
GO

USE QLHS_THPT
GO

set dateformat dmy
/* Tạo Bảng */
CREATE TABLE LOAINGUOIDUNG
(
	MaLoai		VARCHAR (6)		NOT NULL	PRIMARY KEY,
	TenLoaiND	NVARCHAR (40)	NOT NULL
)

INSERT INTO LOAINGUOIDUNG VALUES('LND001',N'Ban giám hiệu')
INSERT INTO LOAINGUOIDUNG VALUES('LND002',N'Giáo viên')
INSERT INTO LOAINGUOIDUNG VALUES('LND003',N'Nhân viên giáo vụ')



CREATE TABLE NAMHOC
(
	MaNamHoc	VARCHAR (6)		NOT NULL	PRIMARY KEY,
	TenNamHoc   VARCHAR (30)		NOT NULL,
)

INSERT INTO NAMHOC VALUES('NH1314','2013 - 2014')
INSERT INTO NAMHOC VALUES('NH1415','2014 - 2015')
INSERT INTO NAMHOC VALUES('NH1516','2015 - 2016')

CREATE TABLE HOCKY
(
	MaHocKy		VARCHAR (8)		NOT NULL PRIMARY KEY,
	MaNamHoc	VARCHAR (6)		NOT NULL,
	TenHocKy	NVARCHAR(12)	NOT NULL,

	CONSTRAINT FK_MaNamHoc FOREIGN KEY(MaNamHoc) 	REFERENCES NAMHOC(MaNamHoc)
)
--2013-2014
INSERT INTO HOCKY VALUES('HK0001','NH1314',N'Học kỳ 1')
INSERT INTO HOCKY VALUES('HK0002','NH1314',N'Học kỳ 2')
INSERT INTO HOCKY VALUES('HK0003','NH1314',N'Học kỳ 3')
--2014-2015
INSERT INTO HOCKY VALUES('HK0004','NH1415',N'Học kỳ 1')
INSERT INTO HOCKY VALUES('HK0005','NH1415',N'Học kỳ 2')
--2015-2016
INSERT INTO HOCKY VALUES('HK0006','NH1516',N'Học kỳ 1')
INSERT INTO HOCKY VALUES('HK0007','NH1516',N'Học kỳ 2')


CREATE TABLE KHOILOP
(
	MaKhoiLop	VARCHAR (9)		NOT NULL PRIMARY KEY,
	TenKhoiLop	NVARCHAR (15)	NOT NULL,
	KyHieu      VARCHAR (3)     NOT NULL,
	SoLop		INT				NOT NULL,
	MaNamHoc    VARCHAR(6)		NOT NULL,

	CONSTRAINT FK12_MaNamHoc	FOREIGN KEY(MaNamHoc)	REFERENCES NAMHOC(MaNamHoc),
)
--Khối 10 - Năm 2014-2015
INSERT INTO KHOILOP VALUES('K0001',N'Khối 10', 'A', '10','NH1415')

--Khối 11 - Năm 2014-2015
INSERT INTO KHOILOP VALUES('K0002',N'Khối 11', 'B', '9','NH1415')

--Khối 12 - Năm 2014-2015
INSERT INTO KHOILOP VALUES('K0003',N'Khối 12', 'C', '8','NH1415')

--Khối 10 - Năm 2015-2016
INSERT INTO KHOILOP VALUES('K0004',N'Khối 10', 'A', '10','NH1516')

--Khối 11 - Năm 2015-2016
INSERT INTO KHOILOP VALUES('K0005',N'Khối 11', 'B', '9','NH1516')

--Khối 12 - Năm 2015-2016
INSERT INTO KHOILOP VALUES('K0006',N'Khối 12', 'C', '10','NH1516')

CREATE TABLE MONHOC
(
	MaMonHoc	VARCHAR (4)		NOT NULL	PRIMARY KEY,
	TenMonHoc	NVARCHAR (30)	NOT NULL,
)

INSERT INTO MONHOC VALUES('MH01',N'Toán Học')
INSERT INTO MONHOC VALUES('MH02',N'Vật Lý')
INSERT INTO MONHOC VALUES('MH03',N'Hóa Học')
INSERT INTO MONHOC VALUES('MH04',N'Sinh Học')
INSERT INTO MONHOC VALUES('MH05',N'Ngữ Văn')
INSERT INTO MONHOC VALUES('MH06',N'Lịch Sử')
INSERT INTO MONHOC VALUES('MH07',N'Địa Lý')
INSERT INTO MONHOC VALUES('MH08',N'Anh Văn')
INSERT INTO MONHOC VALUES('MH09',N'Giáo Dục Công Dân')
INSERT INTO MONHOC VALUES('MH10',N'Tin Học')
INSERT INTO MONHOC VALUES('MH11',N'Thể Dục')
INSERT INTO MONHOC VALUES('MH12',N'Công Nghệ')
INSERT INTO MONHOC VALUES('MH13',N'Quốc Phòng')

CREATE TABLE GIAOVIEN
(
	MaGiaoVien	VARCHAR (6)		NOT NULL	PRIMARY KEY,
	TenGiaoVien NVARCHAR (30)	NOT NULL,
	MaMonHoc	VARCHAR (4)		NOT NULL,
	
	CONSTRAINT FK3_MaMonHoc FOREIGN KEY(MaMonHoc)	REFERENCES MONHOC(MaMonHoc)
)

INSERT INTO GIAOVIEN VALUES('GV0001',N'Phạm Hoàng Hải Sơn','MH01')
INSERT INTO GIAOVIEN VALUES('GV0002',N'Phan Hồng Nhung','MH02')
INSERT INTO GIAOVIEN VALUES('GV0003',N'Huỳnh Thanh Trúc','MH03')
INSERT INTO GIAOVIEN VALUES('GV0004',N'Trần Thu Nguyệt','MH04')
INSERT INTO GIAOVIEN VALUES('GV0005',N'Phạm Văn Tài','MH05')
INSERT INTO GIAOVIEN VALUES('GV0006',N'Lưu Thị Oanh','MH06')
INSERT INTO GIAOVIEN VALUES('GV0007',N'Trần Trung Kiệt','MH01')
INSERT INTO GIAOVIEN VALUES('GV0008',N'Hoàng Tuấn Anh','MH02')
INSERT INTO GIAOVIEN VALUES('GV0009',N'Trần Thị Hoa','MH05')

CREATE TABLE  NGUOIDUNG
(
	MaND 		VARCHAR (6) 	NOT NULL	PRIMARY KEY,
	MaLoai		VARCHAR (6)		NOT NULL,
	MaGiaoVien	VARCHAR (6)		NOT NULL,
	TenDNhap	NVARCHAR (40)	NOT NULL,
	MatKhau		VARCHAR (30)	NOT NULL,
	
	CONSTRAINT FK_MaLoai FOREIGN KEY(MaLoai) 	REFERENCES LOAINGUOIDUNG(MaLoai),
	CONSTRAINT FK_MaGV10 FOREIGN KEY(MaGiaoVien) REFERENCES GIAOVIEN(MaGiaoVien)
)

INSERT INTO NGUOIDUNG VALUES('ND0001','LND001','GV0001','admin','123')
INSERT INTO NGUOIDUNG VALUES('ND0002','LND002','GV0002','hongnhung','123')
INSERT INTO NGUOIDUNG VALUES('ND0003','LND003','GV0003','thanhtruc','123')

CREATE TABLE HOCSINH
(
	MaHocSinh		VARCHAR (6)		NOT NULL	PRIMARY KEY,
	HoTen			NVARCHAR (30)	NOT NULL,
	GioiTinh		BIT,
	NgaySinh		DATETIME,
	DiaChi			NVARCHAR (50)	NOT NULL,
	Email			NVARCHAR (50)	NOT NULL,
)

INSERT INTO HOCSINH VALUES('HS0001',N'Nguyễn Văn Tú',		'0','01/02/1997','Long Xuyen', 'tu@gmail.com')
INSERT INTO HOCSINH VALUES('HS0002',N'Nguyễn Ngọc An',		'0','01/02/1998','Ben Tre',	'an@gmail.com')
INSERT INTO HOCSINH VALUES('HS0003',N'Lê Hoàng Anh',			'0','04/09/1998','Cho Moi','anh@gmail.com')
INSERT INTO HOCSINH VALUES('HS0004',N'Huỳnh Thiện Chí',		'0','01/02/1999','Dong Thap','chi@gmail.com')
INSERT INTO HOCSINH VALUES('HS0005',N'Lý Ngọc Duy',			'0','01/02/1998','Long Xuyen',	'duy@gmail.com')
INSERT INTO HOCSINH VALUES('HS0006',N'Huỳnh Ngọc Diệp',		'1','01/02/1998','Ben Tre',		'diep@gmail.com')
INSERT INTO HOCSINH VALUES('HS0007',N'Trần Thị Huệ',			'1','04/07/1998','Cho Moi',		'hue@gmail.com')
INSERT INTO HOCSINH VALUES('HS0008',N'Nguyễn Thanh Huy',		'0','01/02/1998','Dong Thap',	'huy@gmail.com')
INSERT INTO HOCSINH VALUES('HS0009',N'Trần Phước Lập',		'0','01/02/1999','Long Xuyen',	'lap@gmail.com')
INSERT INTO HOCSINH VALUES('HS0010',N'Trương Thi Nga',		'1','01/02/1999','Ben Tre',		'nga@gmail.com')
INSERT INTO HOCSINH VALUES('HS0011',N'Nguyễn Thị Nga',		'1','04/08/1999','Cho Moi',		'ngaa@gmail.com')
INSERT INTO HOCSINH VALUES('HS0012',N'Trần Thi Hồng Nghi',	'1','01/02/1999','Dong Thap',	'nghi@gmail.com')
INSERT INTO HOCSINH VALUES('HS0013',N'Huỳnh Thi My Ngọc',	'1','01/02/1999','Long Xuyen',	'ngoc@gmail.com')
INSERT INTO HOCSINH VALUES('HS0014',N'Trần Thi Mỹ Nhân',		'1','01/02/1999','Ben Tre',		'nhan@gmail.com')
INSERT INTO HOCSINH VALUES('HS0015',N'Trương Thi Ngọc Nhung','1','04/12/1997','Cho Moi',		'nhung@gmail.com')
INSERT INTO HOCSINH VALUES('HS0016',N'Huỳnh Quốc Phương',	'0','01/02/1997','Dong Thap',	'phuong@gmail.com')
INSERT INTO HOCSINH VALUES('HS0017',N'Lý Ngọc Phương',		'1','01/02/1997','Long Xuyen',	'phong@gmail.com')
INSERT INTO HOCSINH VALUES('HS0018',N'Nguyễn Thị Phương',	'1','01/02/1997','Ben Tre',		'phu@gmail.com')
INSERT INTO HOCSINH VALUES('HS0019',N'Nguyễn Phú Quốc',		'0','04/11/1997','Cho Moi',		'quoc@gmail.com')
INSERT INTO HOCSINH VALUES('HS0020',N'Võ Thiên Quốc',		'0','01/02/1997','Dong Thap',	'quocthien@gmail.com')

CREATE TABLE LOP
(
	MaLop		VARCHAR (12)	NOT NULL	PRIMARY KEY,
	TenLop		NVARCHAR (30)	NOT NULL,
	MaKhoiLop	VARCHAR (9)		NOT NULL,
	MaNamHoc    VARCHAR (6)		NOT NULL,
	SiSo		INT 			NOT NULL,
	MaGiaoVien	VARCHAR (6)		NOT NULL,
	
	CONSTRAINT FK4_MaKhoiLop FOREIGN KEY(MaKhoiLop)	REFERENCES KHOILOP(MaKhoiLop),
	CONSTRAINT FK10_MaNamHoc FOREIGN KEY(MaNamHoc)	REFERENCES NAMHOC(MaNamHoc),
	CONSTRAINT FK_MaGiaoVien FOREIGN KEY(MaGiaoVien)	REFERENCES GIAOVIEN(MaGiaoVien)
)

--Lớp 10 - Năm 2015-2016
INSERT INTO LOP VALUES('10A01NH1516','10A01','K0004','NH1516', 35,'GV0001')
INSERT INTO LOP VALUES('10A02NH1516','10A02','K0004','NH1516', 36,'GV0002')
INSERT INTO LOP VALUES('10A03NH1516','10A03','K0004','NH1516', 35,'GV0003')
INSERT INTO LOP VALUES('10A04NH1516','10A04','K0004','NH1516', 36,'GV0004')

--Lớp 11 - Năm 2015-2016
INSERT INTO LOP VALUES('11B01NH1516','11B01','K0005','NH1516', 37,'GV0005')
INSERT INTO LOP VALUES('11B02NH1516','11B02','K0005','NH1516', 37,'GV0006')
INSERT INTO LOP VALUES('11B03NH1516','11B03','K0005','NH1516', 37,'GV0007')

--Lớp 12 - Năm 2015-2016
INSERT INTO LOP VALUES('12C01NH1516','12C01','K0006','NH1516', 35,'GV0008')
INSERT INTO LOP VALUES('12C02NH1516','12C02','K0006','NH1516', 36,'GV0009')


CREATE TABLE LOAIHINHKIEMTRA
(
	MaLoaiKT		VARCHAR (6)		NOT NULL	PRIMARY KEY,
	TenLoaiKT	NVARCHAR (30)	NOT NULL,
	HeSo				INT				NOT NULL
)

INSERT INTO LOAIHINHKIEMTRA VALUES('LD001',N'Kiểm tra miệng',	1)
INSERT INTO LOAIHINHKIEMTRA VALUES('LD002',N'Kiểm tra 15 phút',1)
INSERT INTO LOAIHINHKIEMTRA VALUES('LD003',N'Kiểm tra 1 tiết',	2)
INSERT INTO LOAIHINHKIEMTRA VALUES('LD004',N'Thi học kỳ',		3)

CREATE TABLE QUATRINHHOC
(
	MaQuaTrinhHoc		INT				IDENTITY	PRIMARY KEY,
	MaHocSinh			VARCHAR (6)		NOT NULL,
	MaLop				VARCHAR (12)		NOT NULL,
	MaHocKy				VARCHAR (8)		NOT NULL,
	
	CONSTRAINT FK_MaHocSinh FOREIGN KEY(MaHocSinh)	REFERENCES HOCSINH(MaHocSinh),
	CONSTRAINT FK_MaLop FOREIGN KEY(MaLop)	REFERENCES LOP(MaLop),
	CONSTRAINT FK0a_MaHocKy FOREIGN KEY(MaHocKy)	REFERENCES HOCKY(MaHocKy),
)

--Lớp 10A1 
INSERT INTO QUATRINHHOC VALUES('QTH001','HS0001','L0001','HK0006')
INSERT INTO QUATRINHHOC VALUES('QHT002','HS0001','L0001','HK0007')
INSERT INTO QUATRINHHOC VALUES('QTH003','HS0002','L0001','HK0006')
INSERT INTO QUATRINHHOC VALUES('QHT004','HS0002','L0001','HK0007')
INSERT INTO QUATRINHHOC VALUES('QTH005','HS0003','L0001','HK0006')
INSERT INTO QUATRINHHOC VALUES('QHT006','HS0003','L0001','HK0007')
INSERT INTO QUATRINHHOC VALUES('QTH007','HS0004','L0001','HK0006')
INSERT INTO QUATRINHHOC VALUES('QHT008','HS0004','L0001','HK0007')

--Lớp 10A2
INSERT INTO QUATRINHHOC VALUES('QTH009','HS0005','L0002','HK0006')
INSERT INTO QUATRINHHOC VALUES('QHT010','HS0005','L0002','HK0007')
INSERT INTO QUATRINHHOC VALUES('QTH011','HS0006','L0002','HK0006')
INSERT INTO QUATRINHHOC VALUES('QHT012','HS0006','L0002','HK0007')
INSERT INTO QUATRINHHOC VALUES('QTH013','HS0007','L0002','HK0006')
INSERT INTO QUATRINHHOC VALUES('QHT014','HS0007','L0002','HK0007')
INSERT INTO QUATRINHHOC VALUES('QTH015','HS0008','L0002','HK0006')
INSERT INTO QUATRINHHOC VALUES('QHT016','HS0008','L0002','HK0007')

--Lớp 10A3
INSERT INTO QUATRINHHOC VALUES('QTH017','HS0009','L0003','HK0006')
INSERT INTO QUATRINHHOC VALUES('QHT018','HS0009','L0003','HK0007')
INSERT INTO QUATRINHHOC VALUES('QTH019','HS0010','L0003','HK0006')
INSERT INTO QUATRINHHOC VALUES('QHT020','HS0010','L0003','HK0007')
INSERT INTO QUATRINHHOC VALUES('QTH021','HS0011','L0003','HK0006')
INSERT INTO QUATRINHHOC VALUES('QHT022','HS0011','L0003','HK0007')
INSERT INTO QUATRINHHOC VALUES('QTH023','HS0012','L0003','HK0006')
INSERT INTO QUATRINHHOC VALUES('QHT024','HS0012','L0003','HK0007')

--Lớp 11B1
INSERT INTO QUATRINHHOC VALUES('QTH025','HS0013','L0005','HK0006')
INSERT INTO QUATRINHHOC VALUES('QHT026','HS0013','L0005','HK0007')
INSERT INTO QUATRINHHOC VALUES('QTH027','HS0014','L0005','HK0006')
INSERT INTO QUATRINHHOC VALUES('QHT028','HS0014','L0005','HK0007')
INSERT INTO QUATRINHHOC VALUES('QTH029','HS0015','L0005','HK0006')
INSERT INTO QUATRINHHOC VALUES('QHT030','HS0015','L0005','HK0007')
INSERT INTO QUATRINHHOC VALUES('QTH031','HS0016','L0005','HK0006')
INSERT INTO QUATRINHHOC VALUES('QHT032','HS0016','L0005','HK0007')

--Lớp 11B2
INSERT INTO QUATRINHHOC VALUES('QTH033','HS0017','L0006','HK0006')
INSERT INTO QUATRINHHOC VALUES('QHT034','HS0017','L0006','HK0007')
INSERT INTO QUATRINHHOC VALUES('QTH035','HS0018','L0006','HK0006')
INSERT INTO QUATRINHHOC VALUES('QHT036','HS0018','L0006','HK0007')
INSERT INTO QUATRINHHOC VALUES('QTH037','HS0019','L0006','HK0006')
INSERT INTO QUATRINHHOC VALUES('QHT038','HS0019','L0006','HK0007')
INSERT INTO QUATRINHHOC VALUES('QTH039','HS0020','L0006','HK0006')
INSERT INTO QUATRINHHOC VALUES('QHT040','HS0020','L0006','HK0007')


CREATE TABLE CHUONGTRINHHOC
(
	MaLop	VARCHAR (12)		NOT NULL,
	MaMonHoc	VARCHAR (4)		NOT NULL,
	HeSo		INT				NOT NULL,	
	SoTiet		INT				NOT NULL,
	
	PRIMARY KEY(MaLop, MaMonHoc),

	CONSTRAINT FK11_MaLop	FOREIGN KEY(MaLop)	REFERENCES LOP(MaLop),
	CONSTRAINT FK5_MaMonHoc	FOREIGN KEY(MaMonHoc)	REFERENCES MONHOC(MaMonHoc),
)
--Lớp 10A1 - Năm 2015-2016
INSERT INTO CHUONGTRINHHOC VALUES('10A01NH1516','MH01', 2,10)
INSERT INTO CHUONGTRINHHOC VALUES('10A01NH1516','MH02', 1, 9 )
INSERT INTO CHUONGTRINHHOC VALUES('10A01NH1516','MH03', 1, 9 )
INSERT INTO CHUONGTRINHHOC VALUES('10A01NH1516','MH04', 2,10)
INSERT INTO CHUONGTRINHHOC VALUES('10A01NH1516','MH05', 3, 9 )
INSERT INTO CHUONGTRINHHOC VALUES('10A01NH1516','MH06', 2, 9 )

--Lớp 10A2 - Năm 2015-2016
INSERT INTO CHUONGTRINHHOC VALUES('10A02NH1516','MH02', 1, 9 )
INSERT INTO CHUONGTRINHHOC VALUES('10A02NH1516','MH03', 1, 9 )
INSERT INTO CHUONGTRINHHOC VALUES('10A02NH1516','MH04', 2,10)
INSERT INTO CHUONGTRINHHOC VALUES('10A02NH1516','MH05', 3, 9 )
INSERT INTO CHUONGTRINHHOC VALUES('10A02NH1516','MH06', 2, 9 )

--Lớp 10A3 - Năm 2015-2016
INSERT INTO CHUONGTRINHHOC VALUES('10A03NH1516','MH03', 1, 9 )
INSERT INTO CHUONGTRINHHOC VALUES('10A03NH1516','MH04', 2,10)
INSERT INTO CHUONGTRINHHOC VALUES('10A03NH1516','MH05', 3, 9 )
INSERT INTO CHUONGTRINHHOC VALUES('10A03NH1516','MH06', 2, 9 )

--Lớp 11B1 - Năm 2015-2016
INSERT INTO CHUONGTRINHHOC VALUES('11B01NH1516','MH01', 2,10)
INSERT INTO CHUONGTRINHHOC VALUES('11B01NH1516','MH02', 1, 9 )
INSERT INTO CHUONGTRINHHOC VALUES('11B01NH1516','MH03', 1, 9 )
INSERT INTO CHUONGTRINHHOC VALUES('11B01NH1516','MH04', 2,10)
INSERT INTO CHUONGTRINHHOC VALUES('11B01NH1516','MH05', 3, 9 )
INSERT INTO CHUONGTRINHHOC VALUES('11B01NH1516','MH06', 2, 9 )

--Lớp 11B2 - Năm 2015-2016
INSERT INTO CHUONGTRINHHOC VALUES('11B02NH1516','MH04', 2,10)
INSERT INTO CHUONGTRINHHOC VALUES('11B02NH1516','MH05', 3, 9 )
INSERT INTO CHUONGTRINHHOC VALUES('11B02NH1516','MH06', 2, 9 )


CREATE TABLE BANGDIEM
(
	STT			INT				IDENTITY	PRIMARY KEY,
	MaQuaTrinhHoc			INT 	NOT NULL,
	MaMonHoc				VARCHAR (4)		NOT NULL,
	MaLoaiKT			VARCHAR (6)		NOT NULL,
	Diem					FLOAT			NOT NULL,
	
	CONSTRAINT FK_MaQuaTrinhHoc	FOREIGN KEY(MaQuaTrinhHoc)	REFERENCES QUATRINHHOC(MaQuaTrinhHoc),
	CONSTRAINT FK4_MaMonHoc	FOREIGN KEY(MaMonHoc)	REFERENCES MONHOC(MaMonHoc),
	CONSTRAINT FK1_MaLoai_KiemTra	FOREIGN KEY(MaLoaiKT)	REFERENCES LOAIHINHKIEMTRA(MaLoaiKT),
)

CREATE TABLE BAOCAOTONGKETMON
(
	MaBCTKMon			INT				IDENTITY PRIMARY KEY,
	MaQuaTrinhHoc		INT          	NOT NULL,
	MaMonHoc			VARCHAR (4)		NOT NULL,	
	DiemTrungBinhMon	FLOAT			NOT NULL,

	CONSTRAINT FK2_MaQTH	FOREIGN KEY(MaQuaTrinhHoc)	REFERENCES QUATRINHHOC(MaQuaTrinhHoc),
	CONSTRAINT FK6_MaMonHoc	FOREIGN KEY(MaMonHoc)	REFERENCES MONHOC(MaMonHoc),
)

CREATE TABLE CT_BAOCAOTONGKETMON
(
	MaBCTKM			INT				IDENTITY PRIMARY KEY,
	MaHocKy				VARCHAR (8)		NOT NULL,
	MaLop		VARCHAR (12)	NOT NULL,
	MaMonHoc	VARCHAR (4)		NOT NULL,
	SoLuongDat	INT				NOT NULL,	
	

	CONSTRAINT FK35_MaLop	FOREIGN KEY(MaLop)	REFERENCES LOP(MaLop),
	CONSTRAINT FK35_MaMonHoc	FOREIGN KEY(MaMonHoc)	REFERENCES MONHOC(MaMonHoc),
	CONSTRAINT FK36_MaHocKy	FOREIGN KEY(MaHocKy)	REFERENCES HOCKY(MaHocKy),
)

CREATE TABLE BAOCAOTONGKETHOCKY
(
	MaBCTKHocKy			INT				IDENTITY PRIMARY KEY,
	MaQuaTrinhHoc		INT		NOT NULL,	
	DiemTBHocKy			FLOAT			NOT NULL,

	CONSTRAINT FK6_MaQTH	FOREIGN KEY(MaQuaTrinhHoc)	REFERENCES QUATRINHHOC(MaQuaTrinhHoc),
)

CREATE TABLE CT_BAOCAOTONGKETHOCKY
(
	MaBCTKHK		INT				IDENTITY PRIMARY KEY,
	MaHocKy			VARCHAR (8)		NOT NULL,
	MaLop			VARCHAR (12)		NOT NULL,
	SoLuongDat		INT				NOT NULL,	

	CONSTRAINT FK3_MaHocKy	FOREIGN KEY(MaHocKy)	REFERENCES HOCKY(MaHocKy),
	CONSTRAINT FK4_MaLop	FOREIGN KEY(MaLop)	REFERENCES LOP(MaLop),
)

CREATE TABLE [dbo].[THAMSO] (
	[TenThamSo]			[varchar](50) NOT NULL,
	[GiaTri]		[nvarchar]	(250)     NULL,
	[NgayApDung]     [nvarchar] (50) NULL );
GO

 INSERT INTO THAMSO (TenThamSo,GiaTri, NgayApDung)
SELECT 'TenTruong',		N'THPT Lê Hồng Phong'	,'11/12/2015'     UNION   
SELECT 'DiaChiTruong',	N'Biên Hòa - Đồng Nai', '11/12/2015'	UNION 
SELECT 'DiemDat',		'8'	,'11/12/2015'			UNION 
SELECT 'DiemDatMon',	'5', '11/12/2015'				UNION
SELECT 'SiSoToiDa',		'40' , '11/12/2015'			UNION 
SELECT 'TuoiToiThieu',	'15','11/12/2015'			UNION 
SELECT 'TuoiToiDa',	'18' , '11/12/2015'			UNION
SELECT 'DiemToiThieu',	'0'	,'11/12/2015'			UNION 
SELECT 'DiemToiDa',		'10', '11/12/2015'				

